{
    "utterances": [
        {
            "text": "Es ce que je peux trouver une maison",
            "entities": [
                {
                    "entity": "questionExpression:questionExpression",
                    "start": 0,
                    "end": 9,
                    "body": "Es ce que",
                    "entities": []
                },
                {
                    "entity": "house:house",
                    "start": 30,
                    "end": 36,
                    "body": "maison",
                    "entities": []
                },
                {
                    "entity": "searchWord:searchWord",
                    "start": 13,
                    "end": 25,
                    "body": "peux trouver",
                    "entities": []
                }
            ],
            "traits": [],
            "intent": "houseSearch"
        },
        {
            "text": "Je veux louer une maison",
            "entities": [
                {
                    "entity": "searchWord:searchWord",
                    "start": 3,
                    "end": 7,
                    "body": "veux",
                    "entities": []
                },
                {
                    "entity": "searchType:searchType",
                    "start": 8,
                    "end": 13,
                    "body": "louer",
                    "entities": []
                },
                {
                    "entity": "house:house",
                    "start": 18,
                    "end": 24,
                    "body": "maison",
                    "entities": []
                }
            ],
            "traits": [],
            "intent": "houseSearch"
        },
        {
            "text": "Maison a acheter",
            "entities": [
                {
                    "entity": "house:house",
                    "start": 0,
                    "end": 6,
                    "body": "Maison",
                    "entities": []
                },
                {
                    "entity": "searchType:searchType",
                    "start": 9,
                    "end": 16,
                    "body": "acheter",
                    "entities": []
                }
            ],
            "traits": [],
            "intent": "houseSearch"
        },
        {
            "text": "Maison a louer",
            "entities": [
                {
                    "entity": "house:house",
                    "start": 0,
                    "end": 6,
                    "body": "Maison",
                    "entities": []
                },
                {
                    "entity": "searchType:searchType",
                    "start": 9,
                    "end": 14,
                    "body": "louer",
                    "entities": []
                }
            ],
            "traits": [],
            "intent": "houseSearch"
        },
        {
            "text": "Trouve une maison",
            "entities": [
                {
                    "entity": "searchWord:searchWord",
                    "start": 0,
                    "end": 6,
                    "body": "Trouve",
                    "entities": []
                },
                {
                    "entity": "house:house",
                    "start": 11,
                    "end": 17,
                    "body": "maison",
                    "entities": []
                }
            ],
            "traits": [],
            "intent": "houseSearch"
        },
        {
            "text": "Une maison a louer",
            "entities": [
                {
                    "entity": "house:house",
                    "start": 4,
                    "end": 10,
                    "body": "maison",
                    "entities": []
                },
                {
                    "entity": "searchType:searchType",
                    "start": 13,
                    "end": 18,
                    "body": "louer",
                    "entities": []
                }
            ],
            "traits": [],
            "intent": "houseSearch"
        },
        {
            "text": "Visiter la maison",
            "entities": [
                {
                    "entity": "house:house",
                    "start": 11,
                    "end": 17,
                    "body": "maison",
                    "entities": []
                },
                {
                    "entity": "visit:visit",
                    "start": 0,
                    "end": 7,
                    "body": "Visiter",
                    "entities": []
                }
            ],
            "traits": [],
            "intent": "visit"
        },
        {
            "text": "bonjour",
            "entities": [],
            "traits": [],
            "intent": "greeting"
        },
        {
            "text": "bonne apres midi",
            "entities": [],
            "traits": [],
            "intent": "greeting"
        },
        {
            "text": "bonsoir",
            "entities": [
                {
                    "entity": "wit$contact:contact",
                    "start": 0,
                    "end": 7,
                    "body": "bonsoir",
                    "entities": []
                }
            ],
            "traits": [],
            "intent": "greeting"
        },
        {
            "text": "je cheche une maison a Goma",
            "entities": [
                {
                    "entity": "searchWord:searchWord",
                    "start": 3,
                    "end": 9,
                    "body": "cheche",
                    "entities": []
                },
                {
                    "entity": "house:house",
                    "start": 14,
                    "end": 20,
                    "body": "maison",
                    "entities": []
                },
                {
                    "entity": "wit$location:location",
                    "start": 23,
                    "end": 27,
                    "body": "Goma",
                    "entities": []
                }
            ],
            "traits": [],
            "intent": "houseSearch"
        },
        {
            "text": "je cherche une maison",
            "entities": [
                {
                    "entity": "searchWord:searchWord",
                    "start": 3,
                    "end": 10,
                    "body": "cherche",
                    "entities": []
                },
                {
                    "entity": "house:house",
                    "start": 15,
                    "end": 21,
                    "body": "maison",
                    "entities": []
                }
            ],
            "traits": [],
            "intent": "houseSearch"
        },
        {
            "text": "je veux une maison",
            "entities": [
                {
                    "entity": "house:house",
                    "start": 12,
                    "end": 18,
                    "body": "maison",
                    "entities": []
                },
                {
                    "entity": "searchWord:searchWord",
                    "start": 3,
                    "end": 8,
                    "body": "veux ",
                    "entities": []
                }
            ],
            "traits": [],
            "intent": "houseSearch"
        },
        {
            "text": "je veux une maison pres de Rawbank en ville",
            "entities": [
                {
                    "entity": "searchWord:searchWord",
                    "start": 3,
                    "end": 7,
                    "body": "veux",
                    "entities": []
                },
                {
                    "entity": "house:house",
                    "start": 12,
                    "end": 18,
                    "body": "maison",
                    "entities": []
                },
                {
                    "entity": "addressePreposition:addressePreposition",
                    "start": 19,
                    "end": 26,
                    "body": "pres de",
                    "entities": []
                }
            ],
            "traits": [],
            "intent": "houseSearch"
        },
        {
            "text": "je veux une maison qui a l'eau et le courant etquis est pres de la route",
            "entities": [
                {
                    "entity": "searchWord:searchWord",
                    "start": 3,
                    "end": 7,
                    "body": "veux",
                    "entities": []
                },
                {
                    "entity": "house:house",
                    "start": 12,
                    "end": 18,
                    "body": "maison",
                    "entities": []
                },
                {
                    "entity": "characteristics:characteristics",
                    "start": 56,
                    "end": 72,
                    "body": "pres de la route",
                    "entities": []
                }
            ],
            "traits": [],
            "intent": "houseSearch"
        },
        {
            "text": "je veuxune maison \u00e0 Goma",
            "entities": [
                {
                    "entity": "searchWord:searchWord",
                    "start": 3,
                    "end": 7,
                    "body": "veux",
                    "entities": []
                },
                {
                    "entity": "house:house",
                    "start": 11,
                    "end": 17,
                    "body": "maison",
                    "entities": []
                },
                {
                    "entity": "addressePreposition:addressePreposition",
                    "start": 18,
                    "end": 19,
                    "body": "\u00e0",
                    "entities": []
                }
            ],
            "traits": [],
            "intent": "houseSearch"
        },
        {
            "text": "je visiterai la maison a 8h00",
            "entities": [
                {
                    "entity": "house:house",
                    "start": 16,
                    "end": 22,
                    "body": "maison",
                    "entities": []
                },
                {
                    "entity": "wit$datetime:datetime",
                    "start": 25,
                    "end": 29,
                    "body": "8h00",
                    "entities": []
                }
            ],
            "traits": [],
            "intent": "visit"
        },
        {
            "text": "je visiterai la maison demain",
            "entities": [
                {
                    "entity": "searchWord:searchWord",
                    "start": 3,
                    "end": 12,
                    "body": "visiterai",
                    "entities": []
                },
                {
                    "entity": "house:house",
                    "start": 16,
                    "end": 22,
                    "body": "maison",
                    "entities": []
                },
                {
                    "entity": "wit$datetime:datetime",
                    "start": 23,
                    "end": 29,
                    "body": "demain",
                    "entities": []
                }
            ],
            "traits": [],
            "intent": "visit"
        },
        {
            "text": "salut",
            "entities": [],
            "traits": [],
            "intent": "greeting"
        },
        {
            "text": "slt",
            "entities": [],
            "traits": [],
            "intent": "greeting"
        },
        {
            "text": "trouve moi une maison a bukavu",
            "entities": [
                {
                    "entity": "searchWord:searchWord",
                    "start": 0,
                    "end": 6,
                    "body": "trouve",
                    "entities": []
                },
                {
                    "entity": "house:house",
                    "start": 15,
                    "end": 21,
                    "body": "maison",
                    "entities": []
                },
                {
                    "entity": "wit$location:location",
                    "start": 24,
                    "end": 30,
                    "body": "bukavu",
                    "entities": []
                }
            ],
            "traits": [],
            "intent": "houseSearch"
        },
        {
            "text": "une maison avec courant , eau et pres de la route",
            "entities": [
                {
                    "entity": "house:house",
                    "start": 4,
                    "end": 10,
                    "body": "maison",
                    "entities": []
                },
                {
                    "entity": "characteristics:characteristics",
                    "start": 16,
                    "end": 23,
                    "body": "courant",
                    "entities": []
                },
                {
                    "entity": "characteristics:characteristics",
                    "start": 26,
                    "end": 29,
                    "body": "eau",
                    "entities": []
                },
                {
                    "entity": "characteristics:characteristics",
                    "start": 33,
                    "end": 49,
                    "body": "pres de la route",
                    "entities": []
                }
            ],
            "traits": [],
            "intent": "houseSearch"
        },
        {
            "text": "une maison pres de la route avec courant et eau",
            "entities": [
                {
                    "entity": "house:house",
                    "start": 4,
                    "end": 10,
                    "body": "maison",
                    "entities": []
                },
                {
                    "entity": "addressePreposition:addressePreposition",
                    "start": 11,
                    "end": 18,
                    "body": "pres de",
                    "entities": []
                },
                {
                    "entity": "characteristics:characteristics",
                    "start": 44,
                    "end": 47,
                    "body": "eau",
                    "entities": []
                },
                {
                    "entity": "characteristics:characteristics",
                    "start": 33,
                    "end": 40,
                    "body": "courant",
                    "entities": []
                }
            ],
            "traits": [],
            "intent": "houseSearch"
        },
        {
            "text": "veux acheter une maison",
            "entities": [
                {
                    "entity": "searchWord:searchWord",
                    "start": 0,
                    "end": 4,
                    "body": "veux",
                    "entities": []
                },
                {
                    "entity": "searchType:searchType",
                    "start": 5,
                    "end": 12,
                    "body": "acheter",
                    "entities": []
                },
                {
                    "entity": "house:house",
                    "start": 17,
                    "end": 23,
                    "body": "maison",
                    "entities": []
                }
            ],
            "traits": [],
            "intent": "houseSearch"
        }
    ]
}
