{
    "name": "addressePreposition",
    "roles": [
        "addressePreposition"
    ],
    "lookups": [
        "free-text",
        "keywords"
    ],
    "keywords": [
        {
            "keyword": "near",
            "synonyms": [
                "near"
            ]
        },
        {
            "keyword": "pres de",
            "synonyms": [
                "pres de"
            ]
        },
        {
            "keyword": "\u00e0",
            "synonyms": [
                "\u00e0"
            ]
        }
    ]
}
