{
    "name": "characteristics",
    "roles": [
        "characteristics"
    ],
    "lookups": [
        "free-text",
        "keywords"
    ],
    "keywords": [
        {
            "keyword": "electricity",
            "synonyms": [
                "courant",
                "electricity"
            ]
        },
        {
            "keyword": "pres de la route",
            "synonyms": [
                "pres de la route"
            ]
        },
        {
            "keyword": "water",
            "synonyms": [
                "eau",
                "water"
            ]
        }
    ]
}
