{
    "name": "searchType",
    "roles": [
        "searchType"
    ],
    "lookups": [
        "free-text",
        "keywords"
    ],
    "keywords": [
        {
            "keyword": "acheter",
            "synonyms": [
                "acheter"
            ]
        },
        {
            "keyword": "buy",
            "synonyms": [
                "acheter",
                "buy"
            ]
        },
        {
            "keyword": "location",
            "synonyms": [
                "location",
                "louer"
            ]
        }
    ]
}
