{
    "name": "searchWord",
    "roles": [
        "searchWord"
    ],
    "lookups": [
        "free-text",
        "keywords"
    ],
    "keywords": [
        {
            "keyword": "Trouve",
            "synonyms": [
                "trouve"
            ]
        },
        {
            "keyword": "cheche",
            "synonyms": [
                "cheche"
            ]
        },
        {
            "keyword": "cherche",
            "synonyms": [
                "cherche"
            ]
        },
        {
            "keyword": "peux trouver",
            "synonyms": [
                "peux trouver"
            ]
        },
        {
            "keyword": "visiterai",
            "synonyms": [
                "visiterai"
            ]
        },
        {
            "keyword": "vouloir",
            "synonyms": [
                "veux",
                "vouloir"
            ]
        }
    ]
}
